<?xml version="1.0" encoding="UTF-8" standalone="no"?>
<!DOCTYPE properties SYSTEM "http://java.sun.com/dtd/properties.dtd">
<properties>
<comment>NWTIS konfiguracija</comment>
<entry key="server.database">jdbc:mysql://localhost/</entry>
<entry key="admin.username">lpintaric</entry>
<entry key="admin.password">admin</entry>
<entry key="admin.database">nwtis_lpintaric_bp_2</entry>
<entry key="user.username">admin</entry>
<entry key="user.password">admin</entry>
<entry key="user.database">nwtis_lpintaric_bp_2</entry>
<entry key="jdbc.mysql">com.mysql.cj.jdbc.Driver</entry>
<entry key="jdbc.derby">org.apache.derby.jdbc.ClientDriver</entry>
<entry key="LocationIQ.token">pk.90b5ec60ce07a8723e1583cf61d503f9</entry>
<entry key="OpenWeatherMap.apikey">ae3697a80d8a7563c4ce839f7965c0fa</entry>
<entry key="OpenSkyNetwork.korisnik">Pintaric</entry>
<entry key="OpenSkyNetwork.lozinka">210yuba5</entry>
<entry key="preuzimanje.status">true</entry>
<entry key="preuzimanje.pocetak">30.04.2021</entry>
<entry key="preuzimanje.kraj">15.06.2021</entry>
<entry key="preuzimanje.ciklus">200</entry>
<entry key="preuzimanje.pauza">1</entry>
<entry key="posluziteljKorisnici.port">8000</entry>
<entry key="posluziteljKorisnici.adresa">localhost</entry>
<entry key="preuzimanjeMeteo.ciklus">10</entry>
</properties>