<?xml version="1.0" encoding="UTF-8" standalone="no"?>
<!DOCTYPE properties SYSTEM "http://java.sun.com/dtd/properties.dtd">
<properties>
<comment>NWTIS konfiguracija</comment>
<entry key="server.database">jdbc:derby://localhost:1527/</entry>
<entry key="admin.username">lpintaric</entry>
<entry key="admin.password">admin</entry>
<entry key="admin.database">nwtis_lpintaric_bp_1</entry>
<entry key="user.username">lpintaric</entry>
<entry key="user.password">admin</entry>
<entry key="user.database">nwtis_lpintaric_bp_1</entry>
<entry key="jdbc.mysql">com.mysql.cj.jdbc.Driver</entry>
<entry key="jdbc.derby">org.apache.derby.jdbc.ClientDriver</entry>
<entry key="LocationIQ.token">pk.90b5ec60ce07a8723e1583cf61d503f9</entry>
<entry key="OpenWeatherMap.apikey">ae3697a80d8a7563c4ce839f7965c0fa</entry>
<entry key="OpenSkyNetwork.korisnik">Pintaric</entry>
<entry key="OpenSkyNetwork.lozinka">210yuba5</entry>
<entry key="server.port">8000</entry>
<entry key="server.maksDretvi">15</entry>
<entry key="sjednica.trajanje">1000000</entry>
<entry key="sjednica.maksBrojZahtjeva">30</entry>

</properties>